{
  "success": true,
  "terms": "https:\/\/currencylayer.com\/terms",
  "privacy": "https:\/\/currencylayer.com\/privacy",
  "timestamp": 1600706345,
  "source": "USD",
  "quotes": {
    "USDAED": 3.67315,
    "USDAFN": 76.788667,
    "USDALL": 104.650264,
    "USDAMD": 485.260291,
    "USDANG": 1.795859,
    "USDAOA": 618.941025,
    "USDARS": 75.59688,
    "USDAUD": 1.388021,
    "USDAWG": 1.8,
    "USDAZN": 1.698912,
    "USDBAM": 1.660121,
    "USDBBD": 2.020073,
    "USDBDT": 84.79244,
    "USDBGN": 1.664663,
    "USDBHD": 0.377015,
    "USDBIF": 1930,
    "USDBMD": 1,
    "USDBND": 1.35973,
    "USDBOB": 6.908429,
    "USDBRL": 5.417976,
    "USDBSD": 1.000446,
    "USDBTC": 9.6024901e-5,
    "USDBTN": 73.33389,
    "USDBWP": 11.49993,
    "USDBYN": 2.585697,
    "USDBYR": 19600,
    "USDBZD": 2.016678,
    "USDCAD": 1.330805,
    "USDCDF": 1966.000131,
    "USDCHF": 0.916802,
    "USDCLF": 0.028014,
    "USDCLP": 772.896346,
    "USDCNY": 6.805198,
    "USDCOP": 3788.46,
    "USDCRC": 597.16086,
    "USDCUC": 1,
    "USDCUP": 26.5,
    "USDCVE": 94.298488,
    "USDCZK": 23.140203,
    "USDDJF": 178.10899,
    "USDDKK": 6.340601,
    "USDDOP": 58.508119,
    "USDDZD": 129.007959,
    "USDEGP": 15.731699,
    "USDERN": 15.000352,
    "USDETB": 36.609828,
    "USDEUR": 0.852195,
    "USDFJD": 2.115003,
    "USDFKP": 0.781548,
    "USDGBP": 0.781625,
    "USDGEL": 3.220064,
    "USDGGP": 0.781548,
    "USDGHS": 5.804992,
    "USDGIP": 0.781548,
    "USDGMD": 51.71008,
    "USDGNF": 9724.99941,
    "USDGTQ": 7.768842,
    "USDGYD": 209.23037,
    "USDHKD": 7.75025,
    "USDHNL": 24.700947,
    "USDHRK": 6.426795,
    "USDHTG": 105.92579,
    "USDHUF": 309.169783,
    "USDIDR": 14835.7,
    "USDILS": 3.46205,
    "USDIMP": 0.781548,
    "USDINR": 73.586098,
    "USDIQD": 1190,
    "USDIRR": 42105.000165,
    "USDISK": 137.709831,
    "USDJEP": 0.781548,
    "USDJMD": 142.02071,
    "USDJOD": 0.70902,
    "USDJPY": 104.702034,
    "USDKES": 108.450503,
    "USDKGS": 79.149814,
    "USDKHR": 4090.000296,
    "USDKMF": 415.449724,
    "USDKPW": 900.054573,
    "USDKRW": 1166.624956,
    "USDKWD": 0.305895,
    "USDKYD": 0.833768,
    "USDKZT": 423.00396,
    "USDLAK": 9124.999855,
    "USDLBP": 1516.499865,
    "USDLKR": 185.59286,
    "USDLRD": 198.949744,
    "USDLSL": 16.25002,
    "USDLTL": 2.95274,
    "USDLVL": 0.60489,
    "USDLYD": 1.36496,
    "USDMAD": 9.262497,
    "USDMDL": 16.643593,
    "USDMGA": 3845.99981,
    "USDMKD": 52.348799,
    "USDMMK": 1317.159297,
    "USDMNT": 2870.861523,
    "USDMOP": 7.98642,
    "USDMRO": 357.000346,
    "USDMUR": 39.750242,
    "USDMVR": 15.409961,
    "USDMWK": 752.49594,
    "USDMXN": 21.46645,
    "USDMYR": 4.114496,
    "USDMZN": 71.945045,
    "USDNAD": 16.250059,
    "USDNGN": 382.999906,
    "USDNIO": 34.699323,
    "USDNOK": 9.314017,
    "USDNPR": 117.335297,
    "USDNZD": 1.501615,
    "USDOMR": 0.384962,
    "USDPAB": 1.000446,
    "USDPEN": 3.549507,
    "USDPGK": 3.448979,
    "USDPHP": 48.490252,
    "USDPKR": 165.999956,
    "USDPLN": 3.83355,
    "USDPYG": 6980.406036,
    "USDQAR": 3.640984,
    "USDRON": 4.140329,
    "USDRSD": 100.215043,
    "USDRUB": 76.359601,
    "USDRWF": 955,
    "USDSAR": 3.750473,
    "USDSBD": 8.166666,
    "USDSCR": 17.970317,
    "USDSDG": 55.325,
    "USDSEK": 8.88435,
    "USDSGD": 1.364041,
    "USDSHP": 0.781548,
    "USDSLL": 9754.999733,
    "USDSOS": 584.499754,
    "USDSRD": 7.458038,
    "USDSTD": 21033.812032,
    "USDSVC": 8.754217,
    "USDSYP": 511.667524,
    "USDSZL": 16.249583,
    "USDTHB": 31.360231,
    "USDTJS": 10.325042,
    "USDTMT": 3.51,
    "USDTND": 2.747497,
    "USDTOP": 2.271499,
    "USDTRY": 7.626501,
    "USDTTD": 6.779553,
    "USDTWD": 29.00803,
    "USDTZS": 2321.106996,
    "USDUAH": 28.237341,
    "USDUGX": 3691.789299,
    "USDUSD": 1,
    "USDUYU": 42.475735,
    "USDUZS": 10289.999911,
    "USDVEF": 9.987499,
    "USDVND": 23179,
    "USDVUV": 112.461376,
    "USDWST": 2.588298,
    "USDXAF": 556.75685,
    "USDXAG": 0.040953,
    "USDXAU": 0.000526,
    "USDXCD": 2.70255,
    "USDXDR": 0.706262,
    "USDXOF": 553.00004,
    "USDXPF": 101.150458,
    "USDYER": 250.34977,
    "USDZAR": 16.835604,
    "USDZMK": 9001.199239,
    "USDZMW": 20.009846,
    "USDZWL": 322.000331
  }
}